Month,Product,Quantity,Sales,Profit,Returned
1,Samsung S24,1,900,168.01826217590948,0
1,Dell XPS,3,4500,1076.2494775682321,0
1,AirPods Pro,1,250,67.55575058716043,0
1,Dell XPS,2,3000,883.199263360095,1
1,MacBook Pro,1,2000,546.9926038510866,0
1,Dell XPS,1,1500,312.36874205941257,0
1,MacBook Pro,3,6000,1447.283981060443,0
1,AirPods Pro,3,750,259.9846328710182,0
1,Dell XPS,3,4500,1287.2767847290015,0
1,MacBook Pro,1,2000,686.2528132298237,0
1,iPhone 15,2,2000,339.0688456025535,0
1,Samsung S24,3,2700,734.3981952026153,0
1,AirPods Pro,2,500,114.10606075732407,0
1,Samsung S24,2,1800,423.0561148168481,0
1,Samsung S24,2,1800,281.2727852840011,0
1,Samsung S24,2,1800,412.2540849606532,1
1,Samsung S24,1,900,308.0109643828828,0
1,Dell XPS,2,3000,773.8152794334478,0
1,iPhone 15,1,1000,178.18484499495253,0
1,iPhone 15,1,1000,347.3773873201034,0
1,Samsung S24,3,2700,845.3491713656103,0
1,AirPods Pro,3,750,228.19055200289185,0
1,MacBook Pro,1,2000,665.9838702175123,0
1,Samsung S24,2,1800,304.34764193654803,0
1,Dell XPS,3,4500,1207.1680089369543,0
1,AirPods Pro,1,250,56.646343737689484,1
1,AirPods Pro,1,250,73.58647605824366,0
1,AirPods Pro,1,250,73.03314448428937,0
1,Samsung S24,1,900,171.3094564203713,0
1,iPhone 15,1,1000,251.71413823294054,1
1,Dell XPS,3,4500,1354.9960246887438,0
1,AirPods Pro,3,750,136.68319308810064,1
1,Dell XPS,2,3000,830.0422539062541,0
1,Samsung S24,2,1800,587.9808932107926,0
1,Samsung S24,1,900,192.24062549493547,0
1,iPhone 15,3,3000,706.2646731757537,0
1,iPhone 15,3,3000,454.17127831871437,0
1,iPhone 15,2,2000,388.8431241882921,0
1,Samsung S24,3,2700,495.8771627733825,0
1,iPhone 15,1,1000,162.9784494217963,0
1,Samsung S24,2,1800,520.6695382223238,0
1,Dell XPS,1,1500,524.3221455146825,0
1,MacBook Pro,2,4000,928.829610654585,0
1,iPhone 15,1,1000,197.91237813339447,0
1,Samsung S24,2,1800,624.8341634798162,0
1,Samsung S24,3,2700,816.2745922775075,0
1,Dell XPS,2,3000,830.1178264565367,0
1,iPhone 15,1,1000,214.15601299434718,0
1,Dell XPS,3,4500,1206.8036488694174,0
1,AirPods Pro,2,500,126.2093058299281,0
2,Samsung S24,1,900,259.36879285844384,0
2,MacBook Pro,1,2000,570.2760468157122,0
2,MacBook Pro,3,6000,1549.737568593079,0
2,Samsung S24,2,1800,623.5806035985968,0
2,iPhone 15,2,2000,698.5014799031696,1
2,Dell XPS,1,1500,489.79090295680186,0
2,iPhone 15,3,3000,870.2146979836627,0
2,Samsung S24,2,1800,550.7551965087446,0
2,AirPods Pro,1,250,45.58143570473069,0
2,Samsung S24,2,1800,273.31093858198665,0
2,AirPods Pro,1,250,37.753079192310935,0
2,MacBook Pro,2,4000,1153.5161581541545,0
2,iPhone 15,1,1000,153.6150727231042,0
2,Samsung S24,3,2700,794.3075590961498,0
2,Samsung S24,3,2700,603.5665336520941,0
2,Dell XPS,3,4500,1477.8418996594019,0
2,MacBook Pro,1,2000,501.05483724207676,0
2,iPhone 15,1,1000,196.03705364831103,0
2,Samsung S24,3,2700,820.0191677254069,0
2,Samsung S24,2,1800,613.4142877209314,1
2,AirPods Pro,1,250,85.15359235119766,0
2,Dell XPS,3,4500,1542.2579793803275,0
2,Dell XPS,1,1500,282.2733093451038,0
2,AirPods Pro,2,500,130.680126245835,1
2,MacBook Pro,3,6000,1584.073404107238,0
2,MacBook Pro,3,6000,1521.995582836484,0
2,iPhone 15,1,1000,177.32426628840574,0
2,Dell XPS,2,3000,935.6166932871082,0
2,iPhone 15,1,1000,166.31883608004804,0
2,Samsung S24,1,900,169.96931163216757,0
2,Samsung S24,3,2700,587.5173846998293,0
2,MacBook Pro,3,6000,1706.4313623542391,0
2,MacBook Pro,3,6000,2078.2090659726373,0
2,MacBook Pro,2,4000,800.2010884126912,0
2,AirPods Pro,1,250,63.61216300274021,0
2,Samsung S24,1,900,217.3077290904711,0
2,Samsung S24,2,1800,464.6286437796383,0
2,Samsung S24,1,900,309.5166360805486,0
2,AirPods Pro,1,250,57.441045072239724,0
2,MacBook Pro,3,6000,1201.0326328159933,0
2,iPhone 15,1,1000,161.63871910168874,1
2,MacBook Pro,2,4000,675.0986320650334,0
2,Dell XPS,1,1500,416.4811781530051,0
2,Dell XPS,2,3000,888.0235899370912,0
2,MacBook Pro,3,6000,1809.4153325572431,0
2,Samsung S24,1,900,151.94825788834083,0
2,Samsung S24,1,900,220.35128923571853,0
2,Dell XPS,3,4500,986.6738889804607,0
2,Dell XPS,3,4500,718.2530317773303,1
2,Samsung S24,2,1800,363.921704403017,0
3,AirPods Pro,2,500,125.10398839152592,0
3,Dell XPS,3,4500,1524.8264374126506,0
3,AirPods Pro,2,500,132.33670416719332,0
3,Dell XPS,3,4500,1413.5755281695597,0
3,iPhone 15,1,1000,280.29695437155755,0
3,Dell XPS,1,1500,289.37673591251223,0
3,Dell XPS,3,4500,1231.4284959041036,0
3,MacBook Pro,1,2000,637.9501243877818,0
3,MacBook Pro,3,6000,1238.2257297280798,0
3,Dell XPS,2,3000,827.3657080679303,0
3,Samsung S24,1,900,279.62656746927274,0
3,MacBook Pro,1,2000,600.2459006563433,0
3,iPhone 15,3,3000,697.5706061468559,0
3,Dell XPS,1,1500,428.95343397007366,0
3,AirPods Pro,1,250,56.38644430881474,0
3,Samsung S24,1,900,192.6089281855101,0
3,iPhone 15,1,1000,331.07639528385266,0
3,Samsung S24,2,1800,513.6371655927492,0
3,MacBook Pro,3,6000,999.9412934343115,0
3,Samsung S24,1,900,234.66654942224412,0
3,Dell XPS,3,4500,1378.1664454240822,0
3,Dell XPS,2,3000,1034.5489251206461,1
3,MacBook Pro,1,2000,594.8142227164035,0
3,AirPods Pro,2,500,171.8651943974135,0
3,MacBook Pro,1,2000,340.4490704491161,0
3,Dell XPS,2,3000,687.9909611725511,0
3,MacBook Pro,1,2000,505.3304674769571,0
3,Dell XPS,1,1500,489.10799059152504,0
3,iPhone 15,1,1000,300.6756370517883,0
3,AirPods Pro,1,250,56.39937950611272,0
3,MacBook Pro,2,4000,864.2020232152787,0
3,Dell XPS,1,1500,346.5606260344251,0
3,Samsung S24,1,900,283.10226333780474,0
3,AirPods Pro,1,250,49.37532356462349,0
3,Samsung S24,1,900,149.92043790480375,0
3,Dell XPS,2,3000,931.2655494160405,1
3,Dell XPS,1,1500,321.8059164832751,0
3,Dell XPS,3,4500,1502.2041437507933,0
3,AirPods Pro,1,250,63.65489220850744,0
3,iPhone 15,1,1000,289.3850111727629,0
3,iPhone 15,3,3000,618.5779137553382,1
3,Samsung S24,1,900,184.92861293660386,0
3,MacBook Pro,2,4000,783.5157965639596,0
3,Dell XPS,1,1500,302.9849588562788,0
3,iPhone 15,1,1000,211.90552325726551,0
3,Samsung S24,1,900,158.97332254027495,0
3,MacBook Pro,3,6000,1770.8634100660322,0
3,MacBook Pro,2,4000,1346.1827866832105,0
3,Dell XPS,1,1500,232.91009234917559,0
3,iPhone 15,2,2000,694.9104517259777,0
4,Dell XPS,2,3000,678.5345139786128,1
4,AirPods Pro,1,250,79.41643523555689,0
4,AirPods Pro,3,750,153.51106078960592,0
4,Samsung S24,1,900,231.18232950530333,0
4,AirPods Pro,1,250,66.75747661627359,0
4,MacBook Pro,2,4000,902.280439420629,0
4,iPhone 15,2,2000,400.5769758047193,0
4,Samsung S24,2,1800,586.1594402925092,0
4,MacBook Pro,3,6000,1036.2691106395548,0
4,MacBook Pro,2,4000,1217.8547133885113,0
4,Samsung S24,1,900,234.34323097940737,0
4,AirPods Pro,1,250,66.9977948568818,0
4,Dell XPS,1,1500,416.8084070922727,0
4,Samsung S24,2,1800,396.2115211703749,0
4,AirPods Pro,3,750,248.12380417406226,0
4,iPhone 15,3,3000,687.9256693927621,0
4,AirPods Pro,1,250,84.97603118288211,0
4,iPhone 15,2,2000,607.567096526159,0
4,Dell XPS,2,3000,822.4834106532547,0
4,AirPods Pro,3,750,148.52184281672896,0
4,iPhone 15,3,3000,526.8275033746634,0
4,Samsung S24,1,900,296.4219137830821,0
4,Dell XPS,2,3000,811.1612373245762,0
4,Dell XPS,1,1500,328.52478834671604,0
4,Dell XPS,2,3000,522.3815226603605,0
4,MacBook Pro,2,4000,891.4158888384603,0
4,Dell XPS,3,4500,710.380925856989,0
4,iPhone 15,2,2000,332.70361277954873,0
4,Dell XPS,1,1500,308.0632944441611,0
4,iPhone 15,3,3000,560.7126116138264,0
4,MacBook Pro,3,6000,1537.5189047682406,0
4,MacBook Pro,2,4000,718.1912735249814,0
4,AirPods Pro,3,750,239.16610089504428,0
4,Samsung S24,1,900,291.0986965934502,0
4,AirPods Pro,3,750,128.23037497987212,0
4,Samsung S24,2,1800,473.02743312678103,0
4,MacBook Pro,2,4000,695.8097054554008,0
4,Samsung S24,1,900,257.2384174460081,0
4,Dell XPS,2,3000,502.1521728524542,0
4,MacBook Pro,3,6000,1794.527369021196,0
4,AirPods Pro,2,500,103.37759057987245,0
4,MacBook Pro,2,4000,795.4825243717236,0
4,Dell XPS,1,1500,296.16803752079835,0
4,Samsung S24,2,1800,337.1641286584701,0
4,iPhone 15,3,3000,480.98128672470773,0
4,Dell XPS,3,4500,1481.9492366766185,0
4,AirPods Pro,3,750,235.06081064239194,0
4,AirPods Pro,2,500,167.93759891275855,0
4,MacBook Pro,3,6000,1906.2990704431497,0
4,MacBook Pro,2,4000,1168.7619830693986,0
5,Samsung S24,1,900,230.37120417260098,0
5,Dell XPS,2,3000,542.6176291645214,0
5,AirPods Pro,3,750,120.27353052336403,0
5,MacBook Pro,1,2000,325.3499881891071,1
5,Dell XPS,2,3000,502.72086674559404,0
5,iPhone 15,1,1000,173.33921282833626,0
5,AirPods Pro,2,500,85.6699250113436,0
5,Samsung S24,2,1800,314.7470004547961,0
5,iPhone 15,2,2000,372.49322646626405,0
5,Samsung S24,1,900,160.15902779273208,0
5,Samsung S24,2,1800,567.047763609407,0
5,AirPods Pro,3,750,207.56378455802658,1
5,iPhone 15,1,1000,267.6613351590113,0
5,AirPods Pro,1,250,52.5688937082071,0
5,iPhone 15,1,1000,221.07249036367915,0
5,MacBook Pro,2,4000,653.2952899126535,0
5,AirPods Pro,2,500,168.9832123613475,0
5,MacBook Pro,3,6000,1954.3549384481257,0
5,AirPods Pro,1,250,45.08374398663756,0
5,Dell XPS,3,4500,1344.5516633154093,0
5,MacBook Pro,2,4000,995.1851897046901,0
5,Dell XPS,3,4500,1015.939409001224,0
5,Samsung S24,3,2700,835.5394975209589,0
5,Samsung S24,1,900,264.60657657829336,0
5,AirPods Pro,2,500,100.17990589069527,0
5,AirPods Pro,2,500,165.84505613336282,0
5,MacBook Pro,2,4000,1091.9602105221236,1
5,MacBook Pro,1,2000,402.40621274146486,0
5,AirPods Pro,1,250,83.62496905886478,0
5,MacBook Pro,1,2000,530.5153440667252,0
5,AirPods Pro,1,250,42.71234830259047,0
5,AirPods Pro,3,750,130.92161727686005,0
5,MacBook Pro,2,4000,749.0567035952965,0
5,iPhone 15,3,3000,636.8665584273847,0
5,Dell XPS,3,4500,724.2854749398282,0
5,Samsung S24,1,900,135.83376414082852,0
5,Samsung S24,1,900,290.4332653103322,1
5,MacBook Pro,3,6000,1785.001497731698,0
5,AirPods Pro,3,750,180.365927419904,0
5,iPhone 15,3,3000,549.3079904567843,0
5,iPhone 15,1,1000,306.09914150921753,0
5,MacBook Pro,2,4000,1130.8298976133683,0
5,Samsung S24,1,900,161.75929099556032,0
5,Samsung S24,3,2700,943.3120959968115,0
5,iPhone 15,1,1000,229.46362309151957,0
5,AirPods Pro,2,500,95.51396404820072,0
5,Dell XPS,1,1500,366.62008353299973,0
5,MacBook Pro,1,2000,610.2110466780042,0
5,MacBook Pro,2,4000,952.6101975505825,0
5,AirPods Pro,3,750,127.94722189969733,0
6,AirPods Pro,2,500,102.07446731435537,0
6,Samsung S24,1,900,139.56954401886205,0
6,MacBook Pro,3,6000,1690.7087302921816,0
6,AirPods Pro,3,750,213.28391153980925,0
6,iPhone 15,3,3000,791.6661106581001,0
6,Samsung S24,3,2700,794.2390720076735,0
6,AirPods Pro,1,250,44.554092438885675,0
6,MacBook Pro,3,6000,1659.8889298931524,0
6,Dell XPS,3,4500,785.4992006964376,0
6,Dell XPS,2,3000,985.6030266461848,0
6,Samsung S24,3,2700,545.0886540528979,0
6,Samsung S24,1,900,197.1345860786296,0
6,iPhone 15,2,2000,644.4272079898886,0
6,MacBook Pro,2,4000,1223.8070198304247,0
6,AirPods Pro,2,500,122.10654526938143,0
6,MacBook Pro,3,6000,1514.9491870583058,0
6,MacBook Pro,1,2000,461.0200174387922,0
6,AirPods Pro,2,500,173.4402180703552,0
6,Dell XPS,2,3000,613.3843959116213,0
6,MacBook Pro,1,2000,626.0217713609828,0
6,MacBook Pro,1,2000,462.0992352110755,0
6,Samsung S24,3,2700,462.5525142694841,0
6,AirPods Pro,1,250,50.824919668544105,0
6,MacBook Pro,1,2000,566.0146698185023,0
6,Dell XPS,1,1500,350.6311574676219,0
6,MacBook Pro,2,4000,637.5727734200441,0
6,AirPods Pro,1,250,41.639933396256325,0
6,MacBook Pro,1,2000,455.71824561679057,0
6,Samsung S24,1,900,264.875915001943,0
6,MacBook Pro,3,6000,1696.4053984351779,1
6,Dell XPS,1,1500,305.97336671765845,0
6,AirPods Pro,3,750,238.7294490465065,0
6,AirPods Pro,1,250,45.23360704416181,0
6,MacBook Pro,1,2000,437.75349281769326,0
6,iPhone 15,1,1000,290.9851099377906,0
6,iPhone 15,3,3000,495.5600462217733,0
6,Samsung S24,3,2700,551.9583741041798,0
6,AirPods Pro,1,250,42.079103666331704,1
6,Dell XPS,1,1500,510.07120614624074,0
6,Samsung S24,2,1800,614.9414854814149,0
6,Dell XPS,1,1500,422.63501001321526,0
6,iPhone 15,2,2000,495.76998545725615,0
6,MacBook Pro,1,2000,677.6237358746453,0
6,MacBook Pro,3,6000,2099.2241994790015,0
6,MacBook Pro,3,6000,940.7351743029586,0
6,iPhone 15,3,3000,1004.6377172259181,1
6,Dell XPS,2,3000,897.0387288721321,0
6,AirPods Pro,2,500,127.2434576071169,0
6,AirPods Pro,1,250,41.34766008146046,0
6,MacBook Pro,3,6000,1385.3825396182208,0
7,iPhone 15,1,1000,282.3310350161083,0
7,iPhone 15,1,1000,273.1726376364609,0
7,AirPods Pro,2,500,174.0341313341777,0
7,Dell XPS,1,1500,340.1891669759177,1
7,AirPods Pro,3,750,113.9228150442747,0
7,iPhone 15,1,1000,157.51935464125216,0
7,Samsung S24,3,2700,620.0751873468432,0
7,Samsung S24,1,900,266.80892529323614,0
7,Dell XPS,2,3000,628.2017258729293,0
7,MacBook Pro,2,4000,1071.2868275767157,0
7,Dell XPS,2,3000,477.06040633219385,0
7,iPhone 15,3,3000,1019.9767103701352,0
7,AirPods Pro,2,500,173.23305150800817,0
7,AirPods Pro,2,500,136.34113892107075,0
7,Samsung S24,3,2700,621.8533276697632,0
7,Dell XPS,3,4500,1136.4196599148577,0
7,MacBook Pro,1,2000,388.19448362807015,0
7,AirPods Pro,2,500,155.07696871298748,0
7,iPhone 15,1,1000,335.5504566390426,1
7,Dell XPS,3,4500,1031.6178170123928,0
7,iPhone 15,3,3000,939.4998749943705,0
7,Dell XPS,3,4500,706.3786442104423,0
7,Dell XPS,2,3000,724.4592586642243,0
7,AirPods Pro,1,250,81.93740399344885,1
7,Samsung S24,2,1800,561.4257869009562,0
7,Dell XPS,3,4500,753.2880839202691,0
7,AirPods Pro,1,250,39.93917908365866,0
7,Dell XPS,1,1500,493.34397929042024,1
7,MacBook Pro,1,2000,492.2346309306592,0
7,MacBook Pro,3,6000,1317.3710494826316,0
7,AirPods Pro,1,250,50.85141350847106,0
7,AirPods Pro,1,250,45.36703298512629,0
7,Dell XPS,3,4500,889.8210281709157,1
7,Samsung S24,3,2700,782.4549985413774,0
7,Dell XPS,3,4500,1540.1837593664166,0
7,MacBook Pro,2,4000,1255.95753392648,0
7,MacBook Pro,2,4000,1265.7073423661936,0
7,MacBook Pro,1,2000,546.7707673502969,1
7,iPhone 15,3,3000,676.0172171920792,0
7,Dell XPS,3,4500,790.6038462838721,0
7,MacBook Pro,1,2000,685.1968015435979,0
7,Samsung S24,3,2700,908.2951769754093,0
7,Samsung S24,2,1800,611.0272397722816,0
7,Samsung S24,2,1800,525.0859216569465,0
7,MacBook Pro,3,6000,1922.8975910383772,1
7,Dell XPS,3,4500,792.0776161175688,0
7,Dell XPS,3,4500,1414.3616526666967,0
7,AirPods Pro,3,750,214.99430649097576,0
7,MacBook Pro,1,2000,677.7214539831319,0
7,iPhone 15,3,3000,766.2144577271172,0
8,AirPods Pro,2,500,152.28227800168042,0
8,AirPods Pro,3,750,242.7081483798439,1
8,Samsung S24,1,900,304.8508656301678,0
8,AirPods Pro,2,500,151.00940784380973,0
8,AirPods Pro,1,250,53.53713702190637,0
8,MacBook Pro,1,2000,380.143657419485,0
8,Samsung S24,2,1800,581.1689699422693,0
8,Samsung S24,2,1800,343.3324497394587,0
8,AirPods Pro,2,500,128.0354393728256,0
8,Dell XPS,1,1500,498.5508104879733,1
8,Samsung S24,2,1800,436.35502467563776,0
8,iPhone 15,2,2000,574.2261148915886,0
8,iPhone 15,3,3000,840.9116800813588,0
8,MacBook Pro,3,6000,2081.2216888834846,0
8,Dell XPS,2,3000,858.2739758155951,0
8,AirPods Pro,1,250,75.35296338056116,1
8,iPhone 15,3,3000,738.3041683546974,0
8,iPhone 15,1,1000,264.18090036883285,0
8,Samsung S24,1,900,235.7367630276445,0
8,Samsung S24,1,900,228.18809580924804,0
8,Dell XPS,2,3000,469.92186527481994,0
8,MacBook Pro,2,4000,1054.0326786092464,0
8,MacBook Pro,3,6000,1140.1802930937722,0
8,iPhone 15,3,3000,524.5319800368355,0
8,iPhone 15,2,2000,546.6418327449895,0
8,iPhone 15,2,2000,674.0807261197839,1
8,Samsung S24,2,1800,552.0321813389812,0
8,AirPods Pro,2,500,156.72977699624934,0
8,AirPods Pro,3,750,191.46039914041697,0
8,AirPods Pro,2,500,81.03520839905639,0
8,Dell XPS,1,1500,486.53506997766044,0
8,Samsung S24,1,900,167.78122482396586,0
8,AirPods Pro,2,500,77.08611392915381,0
8,Dell XPS,1,1500,372.98305403513984,0
8,AirPods Pro,3,750,145.5841687383485,0
8,iPhone 15,3,3000,727.5737740435898,0
8,MacBook Pro,1,2000,638.4981168076197,0
8,Samsung S24,2,1800,625.5538429449808,0
8,iPhone 15,3,3000,797.2052451434361,0
8,Dell XPS,2,3000,742.0013648548218,0
8,MacBook Pro,2,4000,1124.0074710656866,1
8,MacBook Pro,2,4000,887.3208237329851,0
8,MacBook Pro,1,2000,593.2452089661124,0
8,Samsung S24,2,1800,334.6859191932871,0
8,MacBook Pro,3,6000,1395.6374095772362,0
8,iPhone 15,2,2000,338.9573570214208,0
8,iPhone 15,2,2000,338.1046031818505,0
8,iPhone 15,1,1000,229.80918922742222,0
8,Dell XPS,3,4500,1204.5713700065448,0
8,Samsung S24,1,900,177.6650142795005,0
9,MacBook Pro,3,6000,1430.429248539429,0
9,Dell XPS,2,3000,851.6342408756167,0
9,Dell XPS,3,4500,1528.7250193662903,0
9,Samsung S24,1,900,243.99686837607888,0
9,Samsung S24,1,900,275.72225937210527,0
9,Samsung S24,3,2700,873.8664914771596,0
9,Dell XPS,2,3000,1042.015788214297,0
9,Dell XPS,2,3000,473.60612440110583,0
9,Dell XPS,1,1500,251.5666752669724,0
9,AirPods Pro,2,500,143.82078658665952,0
9,MacBook Pro,3,6000,905.9279771212915,1
9,MacBook Pro,1,2000,647.1673178080089,0
9,AirPods Pro,2,500,109.26534881209153,0
9,Dell XPS,2,3000,571.112071273769,0
9,MacBook Pro,1,2000,337.56028631576737,0
9,Dell XPS,3,4500,834.4348105026472,0
9,MacBook Pro,3,6000,1719.897633947575,0
9,iPhone 15,2,2000,647.5619937914872,0
9,Samsung S24,3,2700,907.712295573768,0
9,iPhone 15,1,1000,193.13503047954342,0
9,Dell XPS,1,1500,398.1555710135244,0
9,MacBook Pro,2,4000,1083.9631381524325,0
9,iPhone 15,1,1000,348.66738747172565,0
9,Dell XPS,1,1500,311.6056786591914,0
9,MacBook Pro,1,2000,606.0763458223139,1
9,AirPods Pro,2,500,165.1375649588444,0
9,AirPods Pro,1,250,78.39171080875107,0
9,iPhone 15,1,1000,214.91716598005405,0
9,Dell XPS,3,4500,1024.7022911433112,0
9,iPhone 15,1,1000,238.8838905502403,0
9,AirPods Pro,3,750,137.76665777140795,0
9,MacBook Pro,2,4000,1000.356247304593,0
9,MacBook Pro,2,4000,1331.389212761176,0
9,iPhone 15,1,1000,229.76455617938007,0
9,Samsung S24,3,2700,617.9572748619091,0
9,MacBook Pro,3,6000,1525.4809589824013,0
9,AirPods Pro,3,750,247.0071434760183,0
9,iPhone 15,3,3000,678.0447053623232,0
9,Dell XPS,2,3000,566.7349939111806,0
9,Samsung S24,1,900,186.2771223531461,0
9,Samsung S24,3,2700,718.7033087619108,0
9,MacBook Pro,2,4000,818.0992005868269,0
9,iPhone 15,2,2000,372.4597398138721,0
9,MacBook Pro,3,6000,1530.196060400472,0
9,iPhone 15,2,2000,374.09137861896386,1
9,Samsung S24,2,1800,560.1573179190569,0
9,Dell XPS,2,3000,517.3826066467315,0
9,Dell XPS,2,3000,806.1231414738883,0
9,MacBook Pro,2,4000,888.6180152884798,1
9,iPhone 15,2,2000,402.2579991237089,0
10,AirPods Pro,3,750,212.63248489372054,0
10,Samsung S24,2,1800,432.63636434540246,0
10,iPhone 15,3,3000,971.5557747906314,0
10,Dell XPS,1,1500,278.53378956833166,0
10,AirPods Pro,3,750,194.50461190711047,0
10,Dell XPS,1,1500,242.53638423256615,0
10,AirPods Pro,3,750,216.77168310713907,0
10,Dell XPS,3,4500,1327.065166258756,0
10,Samsung S24,2,1800,307.47947377829985,0
10,MacBook Pro,3,6000,1827.147272939259,0
10,Dell XPS,1,1500,403.725218456687,0
10,iPhone 15,3,3000,656.1362848654223,0
10,Dell XPS,1,1500,474.55893397542667,0
10,Samsung S24,3,2700,750.6908408672097,0
10,MacBook Pro,3,6000,1539.5493438616024,0
10,AirPods Pro,2,500,141.948695519819,1
10,MacBook Pro,2,4000,1046.2267338960198,0
10,Samsung S24,2,1800,472.4268537160475,1
10,Dell XPS,1,1500,432.00146724619975,0
10,MacBook Pro,2,4000,938.1512907169516,0
10,Samsung S24,1,900,189.1535595035859,1
10,AirPods Pro,2,500,98.46420818554536,0
10,Dell XPS,1,1500,477.60998831292636,0
10,MacBook Pro,3,6000,1937.623430440248,0
10,Samsung S24,2,1800,327.3494474228329,0
10,Samsung S24,1,900,175.92431401729777,0
10,iPhone 15,1,1000,219.2643537178007,0
10,iPhone 15,3,3000,945.171664939738,0
10,MacBook Pro,2,4000,1012.5435421571982,1
10,AirPods Pro,3,750,261.32370222349687,0
10,MacBook Pro,3,6000,1376.6145329150531,0
10,Dell XPS,3,4500,1281.8734257681438,0
10,AirPods Pro,3,750,158.2018708647061,0
10,Dell XPS,3,4500,831.1720634878577,0
10,MacBook Pro,2,4000,1380.488160687932,0
10,iPhone 15,2,2000,353.00986909673935,0
10,Samsung S24,3,2700,668.0134361622253,0
10,Dell XPS,3,4500,1532.5177748411647,0
10,Dell XPS,1,1500,261.52857333758243,0
10,Samsung S24,1,900,176.8592445057684,0
10,Samsung S24,1,900,303.56085129905887,0
10,Dell XPS,3,4500,1251.7436832211856,0
10,MacBook Pro,3,6000,1082.4298237543776,0
10,AirPods Pro,2,500,120.980042376932,0
10,AirPods Pro,2,500,80.77805609963666,0
10,iPhone 15,3,3000,593.5080625295553,0
10,iPhone 15,2,2000,406.1549636752778,0
10,Samsung S24,1,900,226.69598306696216,1
10,iPhone 15,1,1000,273.0438876462021,0
10,Samsung S24,2,1800,423.3900182005337,0
11,Samsung S24,3,2700,647.8837103635141,0
11,AirPods Pro,2,500,157.75378955668742,0
11,Dell XPS,2,3000,599.1481546289652,0
11,Dell XPS,2,3000,924.2026415160889,0
11,MacBook Pro,3,6000,1642.7378316092656,0
11,MacBook Pro,2,4000,1103.439044808589,0
11,Dell XPS,1,1500,237.78996278610978,0
11,iPhone 15,3,3000,722.6264007359765,0
11,Dell XPS,2,3000,526.3198576124697,0
11,Samsung S24,2,1800,441.3665265727559,0
11,Samsung S24,1,900,217.70041831307756,0
11,Dell XPS,1,1500,511.60040595117846,0
11,iPhone 15,1,1000,287.6269412173084,0
11,Dell XPS,1,1500,477.2614738277768,0
11,Samsung S24,1,900,283.5237952671667,0
11,AirPods Pro,2,500,138.66696821672073,0
11,Samsung S24,3,2700,684.9403318504102,0
11,Samsung S24,1,900,214.78915573985125,0
11,iPhone 15,3,3000,879.7940328376093,0
11,AirPods Pro,1,250,85.32506991497401,0
11,MacBook Pro,3,6000,1255.8426975451862,0
11,AirPods Pro,3,750,230.07640151515108,0
11,MacBook Pro,1,2000,519.8464174875697,0
11,MacBook Pro,2,4000,666.0941307674149,0
11,iPhone 15,3,3000,919.4909547383626,0
11,iPhone 15,2,2000,566.9401592185714,0
11,Samsung S24,2,1800,363.8567879711699,0
11,iPhone 15,2,2000,491.30211783036947,0
11,MacBook Pro,1,2000,350.0934281731308,0
11,MacBook Pro,2,4000,988.8124023820319,1
11,Samsung S24,2,1800,316.114468691832,0
11,MacBook Pro,3,6000,1014.0140387907654,0
11,Samsung S24,2,1800,490.6582496980291,1
11,Samsung S24,1,900,256.676809605544,0
11,iPhone 15,1,1000,207.181357847832,0
11,iPhone 15,1,1000,258.8033158365503,0
11,Dell XPS,2,3000,955.1991317340369,0
11,Samsung S24,3,2700,577.832309561331,0
11,iPhone 15,2,2000,515.822488198202,0
11,MacBook Pro,1,2000,574.1192064463494,0
11,MacBook Pro,3,6000,1486.0729560779275,0
11,Samsung S24,1,900,209.41496087314707,0
11,iPhone 15,3,3000,628.5290707912923,0
11,Dell XPS,2,3000,973.9937495164845,0
11,Dell XPS,3,4500,819.7633565619716,0
11,iPhone 15,1,1000,326.2901559350043,0
11,AirPods Pro,2,500,140.7560312778023,0
11,Dell XPS,2,3000,819.5912701561074,0
11,iPhone 15,1,1000,257.73913346860775,0
11,MacBook Pro,2,4000,1271.971184225746,0
12,iPhone 15,2,2000,603.470556044402,0
12,AirPods Pro,3,750,158.34063232353222,0
12,Dell XPS,2,3000,670.985718304109,0
12,Samsung S24,2,1800,589.0304809674268,0
12,Dell XPS,2,3000,697.5731045091742,0
12,Dell XPS,2,3000,821.7536024759044,0
12,iPhone 15,1,1000,168.59812796462643,0
12,Samsung S24,1,900,250.61859466294095,0
12,MacBook Pro,3,6000,1743.5321291744121,0
12,MacBook Pro,2,4000,1243.9911997446159,0
12,Samsung S24,3,2700,674.0580684222649,0
12,Dell XPS,2,3000,1039.1815142676871,0
12,Samsung S24,3,2700,642.7074588959649,0
12,iPhone 15,3,3000,591.5145594862122,0
12,iPhone 15,3,3000,930.8201494917114,0
12,iPhone 15,2,2000,557.0260798140766,0
12,Samsung S24,3,2700,468.9015430986291,0
12,Samsung S24,3,2700,804.5926488102303,1
12,Dell XPS,1,1500,394.6649894764321,1
12,AirPods Pro,1,250,72.51259797222605,0
12,Dell XPS,2,3000,760.8472597432892,0
12,Dell XPS,3,4500,908.3670829791963,0
12,AirPods Pro,1,250,79.59667833959043,0
12,iPhone 15,1,1000,241.6373773475785,0
12,MacBook Pro,2,4000,1182.351445579012,0
12,iPhone 15,1,1000,151.4058407627238,0
12,Samsung S24,1,900,270.24751548522823,0
12,Samsung S24,1,900,147.4124429441558,0
12,Samsung S24,3,2700,538.3685514988798,1
12,MacBook Pro,2,4000,943.1095030888308,0
12,Samsung S24,1,900,222.76281486120916,0
12,Samsung S24,2,1800,596.317483203988,0
12,Samsung S24,2,1800,417.9944169362543,0
12,MacBook Pro,3,6000,2056.0733210562603,0
12,Dell XPS,2,3000,946.7210251933037,0
12,iPhone 15,1,1000,346.2594180994493,0
12,AirPods Pro,3,750,142.21464491396102,0
12,AirPods Pro,3,750,258.3007994447305,0
12,iPhone 15,1,1000,172.81915697758666,0
12,Samsung S24,3,2700,540.5219971237609,0
12,iPhone 15,1,1000,346.10336440022115,0
12,Samsung S24,2,1800,465.31648922235223,0
12,iPhone 15,1,1000,272.5800321723898,0
12,MacBook Pro,1,2000,471.4522187881903,0
12,iPhone 15,2,2000,339.0250040957199,0
12,AirPods Pro,1,250,74.96418563478882,0
12,Samsung S24,3,2700,652.9895339023573,0
12,iPhone 15,3,3000,973.2814200134859,0
12,Samsung S24,2,1800,541.4787649138191,0
12,Dell XPS,3,4500,1466.623669456376,0
